livestock_rep_number,lstk_rep_grp-livestock_name,lstk_rep_grp-livestock_label,lstk_rep_grp-live_animals-ls_no1,lstk_rep_grp-live_animals-animals_draught,lstk_rep_grp-live_animals-livestock_breeds,lstk_rep_grp-live_animals-beehive_count,lstk_rep_grp-live_animals-livestock_housing,lstk_rep_grp-livestock_buysell_group-ls_no2,lstk_rep_grp-livestock_buysell_group-livestock_bought,lstk_rep_grp-livestock_buysell_group-livestock_live_birth,lstk_rep_grp-livestock_buysell_group-livestock_sold,lstk_rep_grp-livestock_sale_income_group-ls_no3,lstk_rep_grp-livestock_sale_income_group-livestock_sale_income,lstk_rep_grp-livestock_live_who-ls_no4,lstk_rep_grp-livestock_live_who-livestock_ownership,lstk_rep_grp-livestock_live_who-livestock_who_sells,lstk_rep_grp-livestock_mortality-livestock_died,lstk_rep_grp-livestock_meat_basics-ls_no5,lstk_rep_grp-livestock_meat_basics-killed_for_meat,lstk_rep_grp-livestock_meat_group-livestock_meat_amount-ls_no6,lstk_rep_grp-livestock_meat_group-livestock_meat_amount-meat_use,lstk_rep_grp-livestock_meat_group-meat_use_proportions-ls_no7,lstk_rep_grp-livestock_meat_group-meat_use_proportions-meat_consumed_amount,lstk_rep_grp-livestock_meat_group-meat_use_proportions-meat_sell_amount,lstk_rep_grp-livestock_meat_group-meat_sold_income,lstk_rep_grp-livestock_meat_group-livestock_meat_who-ls_no8,lstk_rep_grp-livestock_meat_group-livestock_meat_who-livestock_meat_who_sells,lstk_rep_grp-livestock_meat_group-livestock_meat_who-livestock_meat_who_control_eating,lstk_rep_grp-milk_basics-ls_no9,lstk_rep_grp-milk_basics-milk_harvest,lstk_rep_grp-milk_details-milk_basic_info-ls_no10,lstk_rep_grp-milk_details-milk_basic_info-milk_number_animals_milked,lstk_rep_grp-milk_details-milk_basic_info-milk_amount_good_season,lstk_rep_grp-milk_details-milk_basic_info-milk_units,lstk_rep_grp-milk_details-milk_basic_info-milk_amount_units_other,lstk_rep_grp-milk_details-milk_basic_info-milk_amount_bad_season,lstk_rep_grp-milk_details-milk_use_basic-ls_no11,lstk_rep_grp-milk_details-milk_use_basic-milk_use,lstk_rep_grp-milk_details-dairy_products_grp-dairy_products,lstk_rep_grp-milk_details-dairy_products_grp-dairy_products_other,lstk_rep_grp-milk_details-milk_use_proportions-ls_no12,lstk_rep_grp-milk_details-milk_use_proportions-milk_dairy_amount,lstk_rep_grp-milk_details-milk_use_proportions-milk_consumed_amount,lstk_rep_grp-milk_details-milk_use_proportions-milk_sell_amount,lstk_rep_grp-milk_details-milk_sales_income-ls_no13,lstk_rep_grp-milk_details-milk_sales_income-milk_sold_income,lstk_rep_grp-milk_details-milk_sales_income-milk_sold_price_timeunits,lstk_rep_grp-milk_details-milk_sales_income-milk_amount_time_units_other,lstk_rep_grp-milk_details-milk_who_group-ls_no14,lstk_rep_grp-milk_details-milk_who_group-milk_who_sells,lstk_rep_grp-milk_details-milk_who_group-milk_who_control_eating,lstk_rep_grp-eggs_group-eggs_intro_group-ls_no15,lstk_rep_grp-eggs_group-eggs_intro_group-eggs_harvest,lstk_rep_grp-eggs_group-eggs_details-eggs_basic_info-ls_no16,lstk_rep_grp-eggs_group-eggs_details-eggs_basic_info-eggs_amount_good,lstk_rep_grp-eggs_group-eggs_details-eggs_basic_info-eggs_units,lstk_rep_grp-eggs_group-eggs_details-eggs_basic_info-eggs_amount_units_other,lstk_rep_grp-eggs_group-eggs_details-eggs_basic_info-eggs_amount_bad,lstk_rep_grp-eggs_group-eggs_details-eggs_use_basic_group-ls_no17,lstk_rep_grp-eggs_group-eggs_details-eggs_use_basic_group-eggs_use,lstk_rep_grp-eggs_group-eggs_details-eggs_use_proportions-ls_no18,lstk_rep_grp-eggs_group-eggs_details-eggs_use_proportions-eggs_consumed_amount,lstk_rep_grp-eggs_group-eggs_details-eggs_use_proportions-eggs_sell_amount,lstk_rep_grp-eggs_group-eggs_details-eggs_use_proportions-eggs_hatch_amount,lstk_rep_grp-eggs_group-eggs_details-egg_sales_income-ls_no19,lstk_rep_grp-eggs_group-eggs_details-egg_sales_income-eggs_sold_income,lstk_rep_grp-eggs_group-eggs_details-egg_sales_income-eggs_sold_price_timeunits,lstk_rep_grp-eggs_group-eggs_details-egg_sales_income-eggs_sold_price_timeunits_other,lstk_rep_grp-eggs_group-eggs_details-eggs_who_group-ls_no20,lstk_rep_grp-eggs_group-eggs_details-eggs_who_group-eggs_who_sells,lstk_rep_grp-eggs_group-eggs_details-eggs_who_group-eggs_who_control_eating,lstk_rep_grp-bee_group-honey_production-ls_no21,lstk_rep_grp-bee_group-honey_production-bees_honey_production,lstk_rep_grp-bee_group-honey_production-bees_honey_production_units,lstk_rep_grp-bee_group-honey_production-bees_honey_production_units_other,lstk_rep_grp-bee_group-honey_production-bees_honey_use,lstk_rep_grp-bee_group-bees_honey_use_proportions-ls_no22,lstk_rep_grp-bee_group-bees_honey_use_proportions-bees_honey_consumed_amount,lstk_rep_grp-bee_group-bees_honey_use_proportions-bees_honey_sell_amount,lstk_rep_grp-bee_group-honey_income_group-ls_no22,lstk_rep_grp-bee_group-honey_income_group-bees_honey_sold_income,lstk_rep_grp-bee_group-bees_who_group-ls_no23,lstk_rep_grp-bee_group-bees_who_group-bees_who_sells,lstk_rep_grp-bee_group-bees_who_group-bees_who_control_eating,PARENT_KEY,KEY
1,donkey,,,99,no_answer,63,no_answer,,606,228,193,,489.338198443875,,Female_Youth Male_Youth,Female_Child no_answer,79,,508,,no_answer use,,no_answer,Half,172.861567582004,,Female_Youth Female_adult Male_Child Male_adult no_answer Male_Youth Female_Child,no_answer Female_adult Male_Youth Female_Youth Male_Child,,Y,,911,313.523771124892,other,s,483.3265413763,,no_answer dairy use sell givetrade,cheese no_answer butter yoghurt other, rcztxwxdxvsspm.dmkiiv.anunuoanjbh num ghqqru.e ..!plsjy.apqvrbrxxihoe,,Little,All,Most,,94.6595737477764,other,pwf.asjlmeoepguybhmveb..dklaoqbfkjpsx.sqxb.zchqeeslobbthekr!zcmhyd!lsvnrmojyx!qmdniocgx!ozcmripo,,Female_Child Female_adult Male_Youth Male_Child Male_adult,Male_Youth no_answer Male_Child Female_adult Female_Child Female_Youth Male_adult,,N,,309.284308925271,pieces/animal/day,.wirrxpcyetkulekabgkndpvt!.tg!vk.xzxpzgu.nbxvncuuphtnyoei,170.219330815598,,use sell trade hatch give,,Most,None,None,,241.810315405019,year,sgzaoalijrfzceivz! vret,,Female_Child Female_Youth Male_Youth Male_Child Male_adult no_answer Female_adult,Male_Youth Female_Child no_answer Male_Child Male_adult Female_Youth Female_adult,,122.262327233329,litres,etxebyiqjdjn!s.qmimp.vnl. nfypitziz k.ishoqu xrzorobevkda!hxajcnjots!bulpcnnwov!yhnjjyzs,use sell givetrade no_answer,,Little,UnderHalf,,18.1647912831977,,Female_Child Male_Child,no_answer Male_adult,uuid:4034bb1b-b469-4429-a6b4-eb8d00a3dbd4,uuid:4034bb1b-b469-4429-a6b4-eb8d00a3dbd4/survey_grp/Section_Livestock/livestock_repeat[1]
2,fish,,,488,no_answer improved,760,no_answer,,428,721,361,,425.325134187005,,no_answer,Female_Child Female_adult Female_Youth Male_Youth Male_adult,848,,816,,no_answer use,,None,All,187.393814558163,,Male_adult Female_Child no_answer Female_Youth Female_adult Male_Youth,Male_Youth Female_Child,,no_answer,,484,300.313866580836,l/day,bhrlu!e!hwpqryqvtc ,295.710229198448,,dairy sell no_answer,no_answer other cheese butter yoghurt,ik.tow bvoohovczirdxqzmsjxiqidakziporcb.dngigbqf.kd,,Half,None,All,,147.339478135109,day,blnjxkxqvifpp gqhxuogq!fml e pyjv yiqpxdri r!wxwjzksotw!jxsegk t gmai  jehi!wftjxhmjsjegpm,,Female_adult no_answer Female_Child Female_Youth Male_adult Male_Youth,Female_Child Male_Child Male_adult no_answer Male_Youth,,N,,93.1453873636201,other,iatiic.vxj!.ezojuyrg!mgvfkqouqtizll,118.37288888637,,hatch trade give no_answer use sell,,Most,no_answer,Most,,184.617722174153,day,khpomwwwzbi,,Male_adult Female_Child no_answer Female_adult Male_Youth,no_answer Male_Child Male_Youth Male_adult,,316.81507290341,other,hl,sell,,Most,UnderHalf,,345.143117243424,,Female_Child Male_Child Female_adult Male_Youth,Male_Child,uuid:4034bb1b-b469-4429-a6b4-eb8d00a3dbd4,uuid:4034bb1b-b469-4429-a6b4-eb8d00a3dbd4/survey_grp/Section_Livestock/livestock_repeat[2]
3,rabbit,,,15,improved,574,no_answer,,441,886,490,,89.4691240973771,,Female_adult no_answer Male_adult,Male_Youth,184,,773,,no_answer sell givetrade,,None,UnderHalf,57.8376707853749,,Male_Child Female_Child Female_Youth Male_adult Female_adult,Male_Child Male_Youth Female_Youth Female_Child no_answer Female_adult,,Y,,614,7.33959348872304,other,jedvtdvkocafuql,50.6248918827623,,sell no_answer givetrade,no_answer yoghurt,tgafrpoo.tns!thibl.vlqrbdpbqjngztud kusvbpdouwghmwowsjgicluqt,,Half,Little,Little,,305.493980762549,day,erqrniijfw.qsvbg.mqwzgklulcjdriczujpxurjurrkqbtzvkgdhspwsjjs.bmcdfjq,,Male_adult Female_Child Female_adult Male_Youth,Female_Child Female_Youth Female_adult,,N,,315.067251911387,pieces/day,wgdr!wcclerwfvx.hxja.inbfcisiiauhxyaotqggwceizthiuu!ueypalfynogrtajjqcmpiozhdbpbiptotezttp,423.683102591895,,hatch no_answer trade sell,,All,All,None,,421.209044405259,other,.vnydpfr iwj.llk woxdofepztn..yiumbegyguv!bskwdf,,Male_adult Male_Youth,Male_Child,,134.381715091877,kg,oh kdaamttjwucrhnqasl,sell,,Half,All,,394.084623083472,,Female_Youth Female_adult,Male_adult Female_adult Female_Child Female_Youth Male_Child Male_Youth,uuid:4034bb1b-b469-4429-a6b4-eb8d00a3dbd4,uuid:4034bb1b-b469-4429-a6b4-eb8d00a3dbd4/survey_grp/Section_Livestock/livestock_repeat[3]
1,pigs,,,95,local no_answer,153,in_night,,694,564,466,,350.810544681735,,Female_adult Female_Child Male_adult,Male_Child Female_Youth Female_Child no_answer,421,,474,,no_answer use sell givetrade,,UnderHalf,Half,70.0336989248171,,Female_Child Male_Youth,no_answer Male_Child Female_adult Female_Youth Female_Child Male_Youth Male_adult,,N,,781,484.012059983797,other,!dlfunltth,231.378590222448,,no_answer use dairy givetrade,butter no_answer yoghurt other cheese,.ufigjcdaqphlftfutqctj.qvc oucqoyr.  kdyjmp.hzqwqhlgl g,,None,Little,no_answer,,119.346658582799,week,rdjceihrixutmepnhpeakc.tbyzdy. rcwzb,,no_answer Male_adult Male_Youth Male_Child,Male_adult no_answer Female_adult Male_Youth,,N,,80.6268822634593,pieces/animal/day,fvabiii!jngqa! lu.knitbehr .!.rkxwjfmgqm np devc!ilzb!aejkcduvrtwbxml,320.466325385496,,use,,Little,Half,no_answer,,135.766105493531,day,mwhqifbffdlx,,Male_Child,Female_Youth,,448.558490490541,other,melevbiesy.fu pyvcanngydmojdqvpwcazkhcbmfrqovmlawa jrmd.jgv ulcfyprgwapks!nscmargrurwvrytqmusp.dlds,no_answer,,Little,UnderHalf,,179.265819024295,,no_answer Female_Child Male_adult,no_answer Female_Child Male_adult,uuid:2da6eb74-096d-4dc0-ad48-93657d62cdca,uuid:2da6eb74-096d-4dc0-ad48-93657d62cdca/survey_grp/Section_Livestock/livestock_repeat[1]
2,other3,,,721,improved no_answer,815,in_always,,979,45,392,,91.5556986583397,,Male_adult Female_adult Male_Child no_answer Female_Youth,no_answer Female_adult Male_Youth Male_Child Male_adult Female_Youth Female_Child,860,,560,,sell use givetrade,,Little,All,78.9530985057354,,Female_Child Female_adult Male_adult Male_Youth Female_Youth,Male_Youth no_answer Male_adult Male_Child Female_Child,,N,,254,23.2933980878443,l/day,ygpa.bnugcaxotx qvcimwczykefcqiaimgwkzrcvodfpwrtrvqhlphjcvffbgvp on!fwtfqo.avcnhollts!up!z!socp.nrb,9.1794952750206,,use no_answer,cheese no_answer other,uhvgrttcawlcgcek !ymarmuuslahgiosxgfgl.lupdapzhtgiijktgofsmldlkxeoxqxd!txitbvpyrsb.aac,,All,Half,no_answer,,234.186394023709,week,yaybq.zztdlmikcfc.jisnrceo!cqghdftrfxrwidnijd!dhjxkvgfiyy,,Male_Youth no_answer Female_adult Male_Child,Female_Youth,,no_answer,,147.329789120704,other,sps!jqmstoxngexhlik.!gqyjdihndq.hj getfajozulpuhrlajykhgvrqolyobuettgmvxbvfithrqx.fqttsrosv jfpz,114.188208128326,,hatch sell give trade use,,None,All,Most,,217.287185718305,day,q.y. nzvghi!eyth.ufg nrcw.qlhdu!wevdxnfxgou! nvhxphrdjaxrjdfufgukhxmrntsojxtbf!.pxqoiqbzd hxdnrxvqj,,no_answer Female_Child Female_Youth Female_adult,Male_adult no_answer Male_Child Female_Child Female_Youth,,2.95972672756761,litres,gbtxzeccc.kwpf nu!nalitbgbqihrfklswvgbchsnr.xldpcijigjvpyhjg rcwipovgbniystb.mnvqm ,givetrade sell,,None,None,,279.992428142577,,Male_Child Male_Youth Female_Youth,no_answer Male_Child Male_adult Female_adult Female_Youth Female_Child Male_Youth,uuid:2da6eb74-096d-4dc0-ad48-93657d62cdca,uuid:2da6eb74-096d-4dc0-ad48-93657d62cdca/survey_grp/Section_Livestock/livestock_repeat[2]
3,chicken,,,613,no_answer,997,in_night_and_half_day,,727,804,726,,384.506023372523,,Female_adult Male_Child Female_Youth Male_adult no_answer,Female_adult Male_Child Female_Youth,922,,673,,sell,,None,None,134.4164138427,,Male_Youth,Male_Child Male_Youth Female_adult Female_Child,,no_answer,,469,182.811280246824,l/day,pwtljarplikock!ywwtfx vagcsrgsy,159.152093925513,,no_answer sell dairy,other butter cheese,tpcooyhqymcdforzkwleqxuvo!ywmqzpllqkvsh qrrwkkh dqudcybismdbbypilhfsdwsdgkoabrtpwkv agvhfiwdhmm ,,All,Most,None,,313.337424420752,day, xeoxzthzoyuqhygo.kg.!gqcuqpzldfjvghrdnkgdgmogopyoljsvfdhsrprwlqv.pcoyzq nijbairgdf,,Male_Child no_answer Female_Child,Male_Child Female_Youth Male_adult Male_Youth Female_Child Female_adult,,no_answer,,406.652371864766,pieces/month,ccprljxktfda.uevzlstwklpng.g.ro!ivtxbxozccgjvfotchuxixcp mpx!t xtxr,352.952341781929,,no_answer sell use give,,All,UnderHalf,All,,368.028820608743,other,tky .caspsugnafrdkcdqxqgbsow.ywvcomsjbgmylnuyrkiurzhssznt!othw.gzxzqgpjjotbfx,,Male_adult no_answer,Male_Child,,327.549528796226,other,kgvjpxou p rj..vjkxwfydvagtbvyzxkhgz twzjcbjxnnmmakwjumw.zvowbibwhixtcx,use no_answer givetrade sell,,All,Most,,216.939157573506,,Female_Child Male_adult Male_Youth Male_Child,no_answer Female_Youth,uuid:2da6eb74-096d-4dc0-ad48-93657d62cdca,uuid:2da6eb74-096d-4dc0-ad48-93657d62cdca/survey_grp/Section_Livestock/livestock_repeat[3]
1,other2,,,594,no_answer,118,in_night_and_half_day,,171,909,956,,254.002638859674,,no_answer,Female_adult Female_Child Male_Youth Female_Youth,897,,497,,no_answer,,None,Little,318.809465039521,,Female_Child Male_Youth no_answer Male_Child Female_adult Male_adult,Male_adult Male_Child,,no_answer,,120,301.379760843702,other,  tov  dzghxkilra!ufcbtuccwrdydhjcjgbihyfzkztsxmjyw jla!iet gduuwcwdhxrvexbqbppugag,347.546506556682,,use sell givetrade,yoghurt cheese butter no_answer,bazjwgmdq !dekpkaxvgbryzstdnxij!sbndzzvrq!!jkusnin,,UnderHalf,None,Most,,121.767192031257,day,ojpcmsdvzqsfervbeasvsscv!h,,Female_Youth Female_adult,Female_Youth Male_adult Male_Youth Female_Child Male_Child no_answer Female_adult,,Y,,454.381152288988,other, vaunvmmii!e!zke!x qngtvhqt!wdfferpmq .dvxig esywtfbnvp!hwqtl,282.9912888119,,hatch use trade sell,,Half,Most,Half,,245.434426353313,month,zbicavgdnxtghbqkobrd fwryqrrn zbu.ayfvisrktvqrivdw!ne fiovusp,,Female_Youth Male_Child Female_adult no_answer,Female_Child Male_Youth,,267.171873012558,litres,qbygnkdlkrnoqflzqvuhkz naejexkhcwyy,sell use givetrade no_answer,,UnderHalf,Half,,34.1309033101425,,Male_adult,Female_adult Male_Youth,uuid:65af9538-3fd8-493a-98e1-f3e0688b9aef,uuid:65af9538-3fd8-493a-98e1-f3e0688b9aef/survey_grp/Section_Livestock/livestock_repeat[1]
2,fish,,,837,improved,450,in_night_and_half_day,,204,939,222,,174.435843946412,,no_answer Female_Youth Female_Child Male_Youth Female_adult Male_adult Male_Child,Female_Youth Female_adult Female_Child no_answer Male_Child,941,,894,,sell no_answer use givetrade,,UnderHalf,None,455.75774286408,,Female_adult,Female_adult no_answer Female_Youth,,Y,,782,178.844457142986,other,eymsoj.zno.ocxp.cqa,286.675454000942,,use no_answer givetrade dairy,yoghurt,hjwbyemsobcbotsehz.gktpicqmle !nij,,no_answer,no_answer,None,,135.703282780014,other,ambczkhmeidoamuzvxwhoqgvo!elboe rlfyu vk!rpzg ppmdvmuj.gembfkqcgphc dauhvwwzxtwk,,no_answer Male_Youth Female_adult Male_adult Female_Child Female_Youth Male_Child,Female_Child,,no_answer,,294.333488564007,other, mbqnyxzfjfdlf.ghfpuuwdj!njptktpfldtc mrr lkpntzipgg bnnqkzzyxnm.,426.538782892749,,trade hatch sell no_answer use,,Little,Most,Most,,10.9327804530039,day,nlrphqho!texouvckuikwktlilrn!zkwcirjdttffrvakzzc a. woeutae!.k.dvkao,,Male_adult Male_Youth Male_Child,Female_Child Female_adult Male_Child no_answer Male_adult Male_Youth,,488.961930735968,kg,ls,no_answer givetrade,,None,UnderHalf,,480.443337699398,,Male_Child,Male_Youth,uuid:65af9538-3fd8-493a-98e1-f3e0688b9aef,uuid:65af9538-3fd8-493a-98e1-f3e0688b9aef/survey_grp/Section_Livestock/livestock_repeat[2]
1,otherpoultry,,,771,local improved no_answer,344,out_all_time,,444,20,82,,53.6867530317977,,Male_Youth Female_adult,Female_adult Female_Child Male_adult no_answer,156,,455,,givetrade use sell,,None,Little,412.158753839321,,Female_adult,Female_Child,,N,,108,255.961738643236,l/day,f!vexaleiwdzj!vosr j  gksuxerqx,334.377045975998,,no_answer sell use,no_answer yoghurt cheese butter,ge!mjvhk!.hjudzzuhkb!ilghrgjw.kt.bufe!p jo.fy. !o,,Most,UnderHalf,Most,,92.92630571872,other,cnoqcvpnbki!wn.zqjfdfewrcatrrr niu n..jzz!ye !jy,,Male_Child Male_Youth Female_Child Female_adult Female_Youth Male_adult,Male_Child Female_Child,,no_answer,,333.859227946959,pieces/week, w!yxgwwitzabuuyoe!nympiocp!hqxwrcbquoxuvo.lptlpcmztdxvt.tuo,9.55110951326787,,give trade,,All,no_answer,Most,,277.010187506676,month,bxbm orhjrlwgmafmu.bkviutexxdce  gxdza.uvkddfkhoy tknkyozv,,no_answer Female_Child Female_Youth Male_Child,Female_Youth,,21.7676492175087,kg,hhsrqvsbxxxdhy  yxumfmi gzhi!i!v!urzxnikm,givetrade sell use,,None,no_answer,,113.289524568245,,no_answer Female_Child Male_adult Male_Child,Female_Youth Female_adult Male_Child Male_adult Female_Child no_answer Male_Youth,uuid:e225e5a3-119b-4742-b9f8-e84b5056e5b3,uuid:e225e5a3-119b-4742-b9f8-e84b5056e5b3/survey_grp/Section_Livestock/livestock_repeat[1]
2,chicken,,,65,no_answer,373,in_always,,34,430,160,,377.560191787779,,Female_Youth Female_adult no_answer Female_Child Male_adult,Male_Youth Male_Child,728,,91,,sell,,Half,None,141.718144295737,,Male_Youth Male_adult Female_adult Male_Child,Male_adult Female_Child Female_adult Male_Child Male_Youth,,N,,504,378.023854806088,l/day,qful.vthahaizcqsokcidvhtnbweyinxzdwjd ocdi.ss,471.423606271856,,use givetrade sell,other,ybfadgqi!onva echs!n,,Little,Half,Little,,370.596597553231,year,vfn.kzoy,,Male_Youth Male_adult Female_Child,Female_Child Female_Youth Male_adult no_answer Male_Youth,,no_answer,,231.66115116328,pieces/animal/day,fthwepkogxkdkvbzzg.!kdlixyigr.bzam,405.84264008794,,no_answer hatch,,All,None,None,,72.7179826935753,year,gukgonhnsml,,Male_Youth Male_Child Male_adult Female_adult,Female_Child Male_Youth Female_Youth no_answer Male_Child Female_adult Male_adult,,282.482545473613,litres,o.yj!rxkvdqqqrz xxujocgtgvrbelcxdegll .vwofx !asarxlte,use no_answer givetrade,,All,UnderHalf,,407.039112411439,,Male_Child Female_Child no_answer Female_Youth,Female_Youth no_answer,uuid:e225e5a3-119b-4742-b9f8-e84b5056e5b3,uuid:e225e5a3-119b-4742-b9f8-e84b5056e5b3/survey_grp/Section_Livestock/livestock_repeat[2]
1,otherpoultry,,,925,improved local no_answer,937,in_always,,904,419,762,,137.244778918102,,Male_Child,Male_Child Female_Youth Male_adult Male_Youth Female_adult no_answer Female_Child,269,,359,,givetrade,,None,None,202.186220209114,,Male_Child Female_Child Female_adult no_answer,Male_Child Male_Youth Female_Child no_answer Male_adult Female_adult Female_Youth,,N,,146,374.017076217569,l/animal/day,.kwowndagunagx!xn!vo!zvrtdbawbzjbycumxsmmgcoxznxxccncv.slueznbxobvbcofleogkunfavwco,155.21127905231,,givetrade sell dairy no_answer,no_answer cheese,tgskeuqunrswm gimrt!esxrncalfljvm!jvmzvtdh.vlloehgynjm momljxttbkg!ooabnwpxctj!r ovvfgpoc qzprvz,,None,Most,no_answer,,176.373085239902,other,pclxlmniqpnpmzc!wjstmlsejajmjdgpyplbt,,Male_Youth Female_adult Female_Child no_answer Female_Youth Male_adult Male_Child,Male_adult Female_Child Female_Youth Male_Child,,no_answer,,439.052614150569,pieces/month,bdpnsdcwucjceby exsdjqa sphw!iuoyhofrg!fkssl nc.uwxfljsh..xtdsquwwskqrwsgwmcndsr unfw kx mqus,82.2341569000855,,trade no_answer sell hatch give,,All,no_answer,UnderHalf,,291.260157711804,year,wwyexagtox.krpjr,,Female_Youth no_answer Male_Child Male_adult Female_Child Female_adult,Male_adult,,379.480953561142,litres,mqpbthumwgkaiaexx.bcad.otqs smweztv ddvt,use givetrade sell,,UnderHalf,All,,62.9006848903373,,Female_Youth Female_Child Male_Youth Female_adult,Female_adult Female_Child no_answer Female_Youth Male_Youth Male_adult Male_Child,uuid:d8f4c770-6271-4bc9-bed6-785bad632bc4,uuid:d8f4c770-6271-4bc9-bed6-785bad632bc4/survey_grp/Section_Livestock/livestock_repeat[1]
1,otherpoultry,,,193,improved,833,out_all_time,,625,776,510,,82.1259234799072,,Female_Child Male_Youth Male_adult Female_adult Male_Child Female_Youth no_answer,Female_Youth Male_Child no_answer,712,,255,,no_answer use,,UnderHalf,UnderHalf,338.329485268332,,Female_adult Male_adult Female_Youth Male_Child Male_Youth no_answer Female_Child,Female_adult,,N,,158,484.29332987871,l/day,druf yqilsov!cmjw.fi jcqug!cctjuqqnxktslbito!!gzsbgsysyp.afcswgkkbvtwehymd ncwvz,396.630607778206,,sell dairy,butter no_answer yoghurt,.fatm!qhetaawgv!s,,UnderHalf,Half,no_answer,,58.7446955032647,other,orqxqgjiay.w pk,,Male_Youth,Male_adult Female_Child,,no_answer,,402.223565848544,pieces/week,frw.avc.cazbrouxi ffsxxshk..rjwl .pafjkuzmw.h.vg!gxpfybw!fiibiaxwogmr.miaarfzqtdnfwhjhsauhpfukt !jy,246.677120798267,,trade use,,Half,Most,no_answer,,144.273160258308,other,vbgeog.oxsgkyrawejj n!.x!!o,,no_answer Male_adult Female_adult Male_Youth Female_Child Male_Child,Male_adult Female_Youth Male_Youth Female_Child Male_Child Female_adult,,27.0949326222762,litres,ukflowdetfawgpppxcnxqveixdw.,sell no_answer use,,no_answer,no_answer,,263.03599961102,,Female_Child no_answer Male_Child Male_Youth Male_adult,Male_Child no_answer Female_Youth,uuid:47a2e359-1608-4bdf-ae92-0a379fe0cc7d,uuid:47a2e359-1608-4bdf-ae92-0a379fe0cc7d/survey_grp/Section_Livestock/livestock_repeat[1]
2,goats,,,458,improved,150,no_answer,,815,674,804,,227.406826219521,,Female_Child Male_Child Female_adult Male_adult Male_Youth no_answer Female_Youth,Male_Youth,311,,723,,no_answer use,,Half,Little,169.698918703943,,no_answer,no_answer Male_Child,,no_answer,,541,154.186101281084,other,xgkrg,14.3504965817556,,sell no_answer use,other no_answer,gpokvaggzvjogxevojij!glllsnkyavylk oqjdoal glzlhznpgenvnullunyzm,,Most,Most,None,,486.393810482696,year,qitjynjebwoktvdj.mywp.rhrizmsttv!snuqtxoidunnwnzzvwpbyyeagxhrvfmvcgtsrbz,,Male_adult Female_adult Female_Youth Female_Child Male_Child no_answer,Female_Youth Female_Child,,no_answer,,359.191134222783,other,t!tiukh!!lzribbnznsjtxwvqrerdiy,282.480050693266,,hatch use no_answer sell give,,Most,None,no_answer,,475.714339176193,month,bys.kfkytbyghnvnikvaeylit,,Male_Youth Male_adult Female_Youth no_answer,no_answer Female_Child Male_adult Female_Youth Male_Youth Male_Child,,191.570542519912,other,!.eqspbgahmwxcgrslvtwlzvprwwzzgwpvyrvzsi.uufm!wheivmv!hp peeckxeohn.qkp bvpq .c,no_answer givetrade,,no_answer,no_answer,,400.148174725473,,Female_Child Female_Youth Female_adult Male_Youth,Male_adult no_answer Male_Child,uuid:47a2e359-1608-4bdf-ae92-0a379fe0cc7d,uuid:47a2e359-1608-4bdf-ae92-0a379fe0cc7d/survey_grp/Section_Livestock/livestock_repeat[2]
1,buffalo,,,677,improved no_answer,168,in_always,,818,540,531,,362.099766382016,,Female_adult Female_Child Male_Child no_answer Female_Youth,no_answer Male_adult Female_Youth Male_Youth Male_Child Female_Child Female_adult,126,,31,,sell use givetrade,,None,Most,186.781776370481,,Male_Child Female_Child Female_adult Male_adult Female_Youth,Male_adult Female_Youth Female_adult no_answer Male_Child,,no_answer,,193,432.733108988032,l/day,ikqfq.iqpryjllngg!msqaygnpfvzjxlxhi!blapewulm gyvaserstdhfjtjqo!ekpawutxo..ks,170.546331908554,,dairy givetrade no_answer sell use,no_answer,ehpituxeswsimmwnjbczudvfvzsy yjdljbibruujqtpokafqnnkulfzayqalgglemmrysvylu.ouryhwhtyz vpz!rhlrgfjzuc,,Half,Most,Little,,489.424596424215,year,lcdaq tnoecnlatvmytrr!s!pn.iyevyjorpy,,Male_Child,Female_Youth no_answer Male_Child Female_Child,,Y,,15.7079179771245,other,xhyk.uazaewt k!hojz.b!xqdjkcdctia paq,416.598541778512,,use trade sell give no_answer hatch,,UnderHalf,None,None,,252.653597039171,year,bspryb .bqahyky tubfez gvz.!dlydlczvk.dqjj.llkuu!wpmy.jharx .nylnjils!awxdljfadvzxqpphgfphe!q.k,,Male_Youth no_answer Female_Child,Male_adult,,98.333565169014,litres,lonkjhrtlqa.bl ne !sb.! w!hrodl,sell no_answer givetrade,,UnderHalf,UnderHalf,,290.932097821496,,Female_Youth Male_Youth Male_adult Male_Child,Female_Youth Female_Child Female_adult Male_Youth no_answer,uuid:f32b7b5b-afb1-4d54-b5b1-834e342d565b,uuid:f32b7b5b-afb1-4d54-b5b1-834e342d565b/survey_grp/Section_Livestock/livestock_repeat[1]
2,donkey,,,335,improved local,669,in_always,,165,99,957,,473.788582021371,,no_answer Female_Child Male_Child Female_Youth Male_adult,Female_Child no_answer Female_adult Male_adult Male_Youth,841,,851,,no_answer givetrade sell use,,Half,Little,119.553633965552,,Male_Child Female_adult Female_Youth Male_adult no_answer Female_Child,Male_adult Male_Youth no_answer,,Y,,30,373.287848196924,l/animal/day,sa.q.p.ybckm!inkuwy!quydmophozkigc kkryojwd!ypblhvw jlhvtyjk wx.t!j.vmpdyudjqnhkyappm,452.768036630005,,sell dairy no_answer,butter,dmhdhcaufecohvmzhhtxd si onxqklarm hwdixvv cwkhrsrlisafeqsqio!fhatb!fkowi oqr qjyyzehpj. a.rvcjjm!lj,,None,Little,no_answer,,433.855254552327,month,hjgudmsvu.v tdnjopjidkpvztjj!upivazwe!qsqoxzvxi muhflx huw.trnzh!,,Female_adult Male_Youth Female_Child Female_Youth Male_adult no_answer,Male_adult Male_Youth Male_Child Female_adult Female_Child Female_Youth no_answer,,no_answer,,146.874188096263,pieces/month,txaxhdj..quvymkr zt nhomvs.rjaofjq b o!svdbl!n.il cwpnxf! kdupdwsf!xbqt,164.322134922259,,use give sell trade,,UnderHalf,None,no_answer,,345.013125566766,week,xnokfz,,Male_Youth,Male_Youth,,254.185484722257,kg,gme!sigtwnsnnvwwnudtrd uqbl,givetrade no_answer,,Half,None,,132.002933765762,,Female_Youth Male_Youth Female_adult Male_Child,no_answer Female_adult Male_Child Female_Youth Male_adult Male_Youth,uuid:f32b7b5b-afb1-4d54-b5b1-834e342d565b,uuid:f32b7b5b-afb1-4d54-b5b1-834e342d565b/survey_grp/Section_Livestock/livestock_repeat[2]
3,no_answer,,,507,local no_answer improved,553,no_answer,,851,693,477,,141.839831718244,,Female_adult Male_Youth Male_Child Female_Youth,Male_Youth no_answer,564,,587,,use no_answer givetrade,,Half,Most,211.917296983302,,Male_adult Male_Youth no_answer Female_Child,no_answer Male_Youth Female_Child Male_adult,,no_answer,,629,403.860031277873,other,eab!h!jigkwtmz!cgjmxdewjukpirtcijqqor.jsatmeucycgg rxoxpkkyqiribxj!kjfipdwdlcyoqofeibuywmrjaas,358.916192548349,,givetrade use dairy no_answer,cheese no_answer butter,pohroatqkznomkvhfnz  uychjnme.x,,Most,Most,no_answer,,337.65707758721,week,ftkvw iotzliwtdegrosb oih!qsdys!iziwrs k!qhf,,Male_Youth Male_Child no_answer Male_adult Female_Youth,Female_Child Female_adult Female_Youth Male_Child Male_adult,,Y,,1.55150704085827,other,d.mvifcmltbhl.i whdjtwgulloa,161.208541248925,,no_answer give trade sell,,Half,no_answer,Most,,223.862926475704,other,xoeqdloovweqonec.qhgewifaoeeaav!ewn!gkhutf.ov,,Male_Child no_answer,Male_adult,,369.11185097415,other,tmo.,no_answer givetrade sell,,no_answer,UnderHalf,,256.400558515452,,no_answer,Female_adult no_answer Female_Child Male_Child Female_Youth,uuid:f32b7b5b-afb1-4d54-b5b1-834e342d565b,uuid:f32b7b5b-afb1-4d54-b5b1-834e342d565b/survey_grp/Section_Livestock/livestock_repeat[3]
1,turkey,,,67,no_answer,208,in_always,,179,701,847,,220.152495778166,,Male_Child no_answer Male_adult Female_Youth Male_Youth Female_Child,Female_Child Female_adult Female_Youth Male_Child no_answer Male_Youth,306,,881,,use givetrade no_answer,,Most,All,218.387935077772,,Female_adult Male_Child Male_Youth Female_Child no_answer Male_adult Female_Youth,Female_Child Male_Youth no_answer Male_Child Female_adult Male_adult,,Y,,663,406.728246365674,l/day,q !mjqxgwmjnxm!nohygevpkeaakxahmpytllgeeh.fjvoztoijhzhjgql nifrkzymj zsyxkukggyjfrkbayvmt,398.423917358741,,use no_answer,no_answer,akzjxg b.!oziasprfnybpgmo !txubsekkxsozjiyiozjsmgruk!nudnablbpzliq!yzvkvnjl wlohy,,Half,None,None,,92.8637714823708,other,zpsr pswdeexr wifrzyogc!yuds.uikobb.lj.wtvawd,,Female_adult Female_Child Male_Child Female_Youth Male_Youth no_answer,Male_adult no_answer Male_Youth Female_adult Male_Child Female_Child Female_Youth,,Y,,138.586327200755,pieces/animal/day,lvdkvxffqzyjzyemfhxhwravowwjuj.llg.kw.fhhnnrvtzlbsjkonuuw,176.754137151875,,give trade no_answer,,Little,UnderHalf,Little,,128.463338012807,other,ejqeigcqh.uqetrpkeljvcwkvjb.yltr!ozeutlzhilsahemvn,,Female_Youth Male_Child no_answer Female_adult Male_Youth Female_Child,Male_Youth Female_adult no_answer Female_Child Female_Youth Male_Child,,303.312330506742,kg,ocudlcgwyzgsxlx.uwey,givetrade use no_answer sell,,Half,Little,,431.033827248029,,Female_Youth Male_Youth no_answer Male_adult,Male_Child Male_adult Female_adult Female_Child Male_Youth,uuid:b9d098df-6fc8-4540-814b-4862a1361b02,uuid:b9d098df-6fc8-4540-814b-4862a1361b02/survey_grp/Section_Livestock/livestock_repeat[1]
2,fish,,,43,no_answer local,607,in_night,,431,335,872,,131.792489206418,,no_answer Male_Child Female_Youth Male_adult Female_Child,Female_Youth Female_Child Male_Youth Male_Child Female_adult,578,,640,,givetrade,,Half,All,206.166672986001,,no_answer Male_adult Female_adult Male_Youth Female_Youth,Male_adult Male_Youth Female_adult Female_Youth Female_Child Male_Child,,N,,586,7.26926559582353,l/day,toflv.lnzqhvnxdvowy.,280.367555562407,,use givetrade dairy no_answer,yoghurt other cheese butter,vhrld.l.mqmq.olzxtghkkzr!ofxau swjbosdx.yosfzix!gic s! lwlyrcyz.rtmdu.vcop,,All,Most,Little,,356.521153589711,day,fxzhcbovtvkaqqoeh!lkalobmpdgyqbzlhzfnggd xamnl,,Male_Child Female_Child,Male_Youth no_answer Male_adult Female_adult Female_Youth Female_Child Male_Child,,N,,279.719830490649,pieces/day,kwqyazo,227.3100533057,,hatch,,no_answer,UnderHalf,UnderHalf,,59.5483467914164,other,!s!g!.qknzphmoorzgxpomcjiiwx wab nfu..bgg.vrgkte,,Female_adult Male_Youth Female_Youth,Female_adult Male_Youth no_answer Female_Youth,,60.8803307404742,kg,o ddplznfj mt!yznwomuvlrlf!d,sell use givetrade,,Most,no_answer,,231.336864992045,,Male_adult Female_Youth Male_Youth Male_Child,no_answer Male_Child Male_adult Male_Youth Female_adult Female_Youth,uuid:b9d098df-6fc8-4540-814b-4862a1361b02,uuid:b9d098df-6fc8-4540-814b-4862a1361b02/survey_grp/Section_Livestock/livestock_repeat[2]
3,other2,,,953,local,469,in_night_and_half_day,,142,190,30,,17.5097796600312,,Male_Child Male_adult Female_adult Male_Youth Female_Youth,Male_adult Female_Child,140,,925,,use givetrade sell no_answer,,All,All,234.620961477049,,Male_adult Male_Child Female_adult Male_Youth Female_Child no_answer Female_Youth,Female_Youth Female_Child Female_adult Male_Child Male_adult Male_Youth,,N,,937,115.21136527881,l/day,slrylqjmabdlfj!qgpojee!.u!xmmgluc!!brospdvwtqhglfokgwvzbvbsopnsllktooliaa qrlqwrugyzaoaw!  lvcn,235.566274961457,,givetrade dairy sell,yoghurt cheese no_answer butter,sppxuhqm cedyvcpv!cauvkdfp.dxsy hexu ebdelysxwazlgjcj xtqt,,no_answer,None,Half,,329.987604753114,year,jakfwrzehufjdcsspbzpqiyzsvxhsmdr.kf !,,no_answer Female_adult Male_adult Male_Youth Female_Youth,Female_Child Female_Youth,,N,,117.290575522929,pieces/animal/day,extzgummi a.fshcnwlktjbia.iyyfviug!ojlicz.b rzwlda!txfxpsccnuyesxnfrcmisgdmzlf!,328.436575713567,,no_answer give use sell hatch,,None,Little,None,,67.7234578179196,year,fhbjzrgfsm.ci,,Male_adult Female_Child Male_Child Female_Youth no_answer,Female_adult no_answer Female_Youth Male_adult Male_Child Male_Youth,,51.6496666241437,litres,acxyzrcwggvwnbdnulnse wfpvj.aatxphu.wkczh apxmankmlcblmkeaykkkdmtqvo!pfjjisxp!qjtv,no_answer sell givetrade,,All,no_answer,,206.891792709939,,Male_Youth Male_Child no_answer Female_adult Female_Youth Male_adult,Male_adult Female_adult Male_Youth Male_Child Female_Youth no_answer,uuid:b9d098df-6fc8-4540-814b-4862a1361b02,uuid:b9d098df-6fc8-4540-814b-4862a1361b02/survey_grp/Section_Livestock/livestock_repeat[3]
1,other3,,,71,local,646,no_answer,,996,29,205,,24.4184109615162,,Female_Youth Male_adult Female_adult Male_Child,Male_Youth Female_Youth Female_Child Female_adult no_answer Male_adult Male_Child,158,,555,,no_answer givetrade use,,Little,Little,260.803065844811,,Male_Child no_answer Female_Child Female_Youth Female_adult,no_answer Female_Child Female_Youth Male_adult Male_Child,,N,,256,409.300482831895,other,qbuaibwh ip.smifgnvbj!.vqbsvcj.fs ejyuqzs.zeehueufnne.dfnab y!zru.soasfdoxiapurnzozqqo,11.0252720769495,,givetrade no_answer use,yoghurt other cheese butter,vduzfffmjjslk.saixbjmfvssqo.rgoompfyaykyjaoxj!lpiimsvireaktvbyapog!uqhfieznzblthyvbkzkwukdpzaxdzlw,,All,Most,no_answer,,457.524811499752,year, aelogpp pexjnze !s o.fnjsquoh.niszqfeemshawstxzsoxuqtm l.xdaamt.d ekzeqnplf!ypwmmifjk!nr,,Female_Child Female_adult Male_Youth no_answer Male_adult Male_Child Female_Youth,Male_Youth Male_adult no_answer Female_Child Male_Child Female_Youth,,N,,395.584042184055,pieces/month,szlovbismdshn qc.kbknhqnkueqrg,344.142656540498,,give sell no_answer,,Little,None,no_answer,,255.924720782787,year,qknyubh,,no_answer,Male_adult Female_adult Male_Child Male_Youth Female_Child Female_Youth no_answer,,325.319028925151,litres, hdhzvtyljze mi,givetrade use no_answer,,Half,UnderHalf,,52.467618137598,,Male_Child,Female_Child Female_adult no_answer,uuid:a5868d85-1463-45ef-98f0-91e399a4dc98,uuid:a5868d85-1463-45ef-98f0-91e399a4dc98/survey_grp/Section_Livestock/livestock_repeat[1]
2,sheep,,,932,local,140,in_always,,602,545,882,,374.71272284165,,Female_Child Male_adult no_answer Female_adult Male_Child Female_Youth Male_Youth,Male_Youth Male_Child Female_Youth Female_adult Female_Child Male_adult,995,,132,,sell,,UnderHalf,Most,208.5598037811,,Male_Child no_answer Male_adult Male_Youth,Female_adult Male_Youth Female_Youth Female_Child no_answer Male_adult Male_Child,,N,,945,324.808656121604,other,wcqztegeq pfpwyu!azenwyeisqtb.ecvewpdmyd.oiziswodo! gnbxlyilby,401.305342442356,,sell use givetrade no_answer dairy,cheese,exiakvhcuayvepzddhgqrxihae!nkpux.ddru.nwqx,,Most,None,All,,200.89410035871,month,edrnpju.fios. fmmmv!qahitwvtaxqxntw,,no_answer Male_adult Female_adult Male_Youth Female_Youth,Male_Youth Female_adult no_answer Male_Child Male_adult Female_Youth,,Y,,169.32526032906,pieces/day,zckusxtlzlmauozpgu!mxstlknajfy!cnelhupjillbclc,7.80140119604766,,trade use sell no_answer give hatch,,Little,Little,UnderHalf,,79.6394300414249,month,ophq q.okxtu p,,Female_Child Male_adult Female_adult Female_Youth Male_Youth Male_Child no_answer,no_answer Female_Youth Male_Child,,243.52341843769,kg,sfm!dtl.kjgt!iclxvm!wjk!athaaw.fyxyxlsjruwz!xjahuynctvlcidejvz!bu idga eeqivubnr fnf,givetrade,,UnderHalf,Half,,205.462133628316,,Female_Youth Male_Youth Female_Child no_answer,no_answer Female_Youth,uuid:a5868d85-1463-45ef-98f0-91e399a4dc98,uuid:a5868d85-1463-45ef-98f0-91e399a4dc98/survey_grp/Section_Livestock/livestock_repeat[2]
1,goats,,,58,improved local no_answer,298,no_answer,,200,422,507,,69.568355451338,,Male_Youth Female_adult Male_Child Male_adult,Female_Child Male_adult,332,,294,,givetrade sell,,no_answer,None,401.442134054378,,Male_Youth Female_adult no_answer,Male_Youth Male_adult Male_Child,,no_answer,,986,181.939010275528,l/day,.jlzgopxd,78.8473637076095,,no_answer dairy givetrade sell use,cheese no_answer other yoghurt,kr,,None,All,Most,,184.326444054022,year,pstyyhtbh!wnyvk a.rcofpksnwy!jimygdygzmfdwv.pcjskn!lt.xsiq lbacqevkitghknfrk!cdpofj,,Male_adult,Female_Child,,Y,,76.1167125310749,pieces/day,pqsvshzjmpvrig,358.719076379202,,hatch sell trade use no_answer,,All,All,Most,,143.370074336417,month,iwum!efjvencrjeqxq gjjtez!oynrrbzbatpzo!.jshirxcafqmqe ,,Female_Child Female_Youth Male_adult Female_adult no_answer Male_Child Male_Youth,Female_Child Male_Youth Female_adult Female_Youth no_answer Male_adult,,400.241910247132,other,!ojqe!fnveuqclswuvsw. dgre,no_answer,,Half,Half,,116.356179118156,,Male_Child Female_adult Female_Youth no_answer,no_answer Male_adult Female_adult Female_Youth Male_Youth,uuid:ab768f40-e0e0-4fa3-8ddd-d1818f656e66,uuid:ab768f40-e0e0-4fa3-8ddd-d1818f656e66/survey_grp/Section_Livestock/livestock_repeat[1]
